sequence,canonical_name,primary_domain_id,primary_domain,source,verified_date
1,Acoustics consultant,D02,Engineering & Technical Design,National Careers Service,2026-08-15
2,Agricultural contractor,D16,"Infrastructure, Land & Rural",National Careers Service,2026-08-15
3,Architect,D01,Architecture & Design,National Careers Service,2026-08-15
4,Architectural technician,D01,Architecture & Design,National Careers Service,2026-08-15
5,Architectural technologist,D01,Architecture & Design,National Careers Service,2026-08-15
6,Bricklayer,D07,Building Trades,National Careers Service,2026-08-15
7,Builders' merchant,D14,Supply Chain & Manufacturing,National Careers Service,2026-08-15
8,Building control officer,D15,"Regulation, Inspection & Compliance",National Careers Service,2026-08-15
9,Building services engineer,D02,Engineering & Technical Design,National Careers Service,2026-08-15
10,Building surveyor,D03,"Surveying, Property & Land",National Careers Service,2026-08-15
11,Building technician,D02,Engineering & Technical Design,National Careers Service,2026-08-15
12,Caretaker,D10,"Facilities, Property & Asset Operations",National Careers Service,2026-08-15
13,Carpenter,D07,Building Trades,National Careers Service,2026-08-15
14,Carpet fitter and floor layer,D07,Building Trades,National Careers Service,2026-08-15
15,Cartographer,D05,"Geospatial, Planning & Transport",National Careers Service,2026-08-15
16,Cavity insulation installer,D09,Energy & Building Performance,National Careers Service,2026-08-15
17,Ceiling fixer,D07,Building Trades,National Careers Service,2026-08-15
18,Civil engineer,D02,Engineering & Technical Design,National Careers Service,2026-08-15
19,Civil engineering technician,D02,Engineering & Technical Design,National Careers Service,2026-08-15
20,Commercial energy assessor,D09,Energy & Building Performance,National Careers Service,2026-08-15
21,Conservator,D13,"Heritage, Conservation & Landscape",National Careers Service,2026-08-15
22,Construction contracts manager,D04,"Commercial, Contracts & Cost",National Careers Service,2026-08-15
23,Construction labourer,D06,Site Delivery & Construction Management,National Careers Service,2026-08-15
24,Construction manager,D06,Site Delivery & Construction Management,National Careers Service,2026-08-15
25,Construction plant mechanic,D11,"Plant, Equipment & Specialist Operations",National Careers Service,2026-08-15
26,Construction plant operator,D11,"Plant, Equipment & Specialist Operations",National Careers Service,2026-08-15
27,Construction site supervisor,D06,Site Delivery & Construction Management,National Careers Service,2026-08-15
28,Crane driver,D11,"Plant, Equipment & Specialist Operations",National Careers Service,2026-08-15
29,Demolition operative,D06,Site Delivery & Construction Management,National Careers Service,2026-08-15
30,Domestic energy assessor,D09,Energy & Building Performance,National Careers Service,2026-08-15
31,Dryliner,D07,Building Trades,National Careers Service,2026-08-15
32,Electrician,D08,Building Services Trades,National Careers Service,2026-08-15
33,Engineering construction technician,D02,Engineering & Technical Design,National Careers Service,2026-08-15
34,Estimator,D04,"Commercial, Contracts & Cost",National Careers Service,2026-08-15
35,Facilities manager,D10,"Facilities, Property & Asset Operations",National Careers Service,2026-08-15
36,Fence installer,D07,Building Trades,National Careers Service,2026-08-15
37,Fire safety engineer,D02,Engineering & Technical Design,National Careers Service,2026-08-15
38,Formworker,D07,Building Trades,National Careers Service,2026-08-15
39,Furniture maker,D14,Supply Chain & Manufacturing,National Careers Service,2026-08-15
40,Gas mains layer,D12,Utilities & Networks,National Careers Service,2026-08-15
41,Gas service technician,D08,Building Services Trades,National Careers Service,2026-08-15
42,General practice surveyor,D03,"Surveying, Property & Land",National Careers Service,2026-08-15
43,Geospatial technician,D05,"Geospatial, Planning & Transport",National Careers Service,2026-08-15
44,Glazier,D07,Building Trades,National Careers Service,2026-08-15
45,Heat pump engineer,D08,Building Services Trades,National Careers Service,2026-08-15
46,Heating and ventilation engineer,D08,Building Services Trades,National Careers Service,2026-08-15
47,Heritage officer,D13,"Heritage, Conservation & Landscape",National Careers Service,2026-08-15
48,Kitchen and bathroom designer,D01,Architecture & Design,National Careers Service,2026-08-15
49,Kitchen and bathroom fitter,D07,Building Trades,National Careers Service,2026-08-15
50,Land surveyor,D03,"Surveying, Property & Land",National Careers Service,2026-08-15
51,Landscape architect,D13,"Heritage, Conservation & Landscape",National Careers Service,2026-08-15
52,Landscaper,D13,"Heritage, Conservation & Landscape",National Careers Service,2026-08-15
53,Lighting technician,D11,"Plant, Equipment & Specialist Operations",National Careers Service,2026-08-15
54,Locksmith,D08,Building Services Trades,National Careers Service,2026-08-15
55,Painter and decorator,D07,Building Trades,National Careers Service,2026-08-15
56,Pipe fitter,D08,Building Services Trades,National Careers Service,2026-08-15
57,Planning and development surveyor,D03,"Surveying, Property & Land",National Careers Service,2026-08-15
58,Plasterer,D07,Building Trades,National Careers Service,2026-08-15
59,Plumber,D08,Building Services Trades,National Careers Service,2026-08-15
60,Quantity surveyor,D04,"Commercial, Contracts & Cost",National Careers Service,2026-08-15
61,Quarry engineer,D11,"Plant, Equipment & Specialist Operations",National Careers Service,2026-08-15
62,Quarry worker,D11,"Plant, Equipment & Specialist Operations",National Careers Service,2026-08-15
63,Refrigeration and air-conditioning installer,D08,Building Services Trades,National Careers Service,2026-08-15
64,Road worker,D12,Utilities & Networks,National Careers Service,2026-08-15
65,Roofer,D07,Building Trades,National Careers Service,2026-08-15
66,Rural surveyor,D03,"Surveying, Property & Land",National Careers Service,2026-08-15
67,Scaffolder,D11,"Plant, Equipment & Specialist Operations",National Careers Service,2026-08-15
68,Security systems installer,D08,Building Services Trades,National Careers Service,2026-08-15
69,Shopfitter,D07,Building Trades,National Careers Service,2026-08-15
70,Solar panel installer,D09,Energy & Building Performance,National Careers Service,2026-08-15
71,Steel erector,D07,Building Trades,National Careers Service,2026-08-15
72,Steel fixer,D07,Building Trades,National Careers Service,2026-08-15
73,Steeplejack,D11,"Plant, Equipment & Specialist Operations",National Careers Service,2026-08-15
74,Stonemason,D13,"Heritage, Conservation & Landscape",National Careers Service,2026-08-15
75,Structural engineer,D02,Engineering & Technical Design,National Careers Service,2026-08-15
76,Surveying technician,D03,"Surveying, Property & Land",National Careers Service,2026-08-15
77,Thermal insulation engineer,D09,Energy & Building Performance,National Careers Service,2026-08-15
78,Tiler,D07,Building Trades,National Careers Service,2026-08-15
79,Town planner,D05,"Geospatial, Planning & Transport",National Careers Service,2026-08-15
80,Town planning assistant,D05,"Geospatial, Planning & Transport",National Careers Service,2026-08-15
81,Transport planner,D05,"Geospatial, Planning & Transport",National Careers Service,2026-08-15
82,Water network operative,D12,Utilities & Networks,National Careers Service,2026-08-15
83,Welder,D14,Supply Chain & Manufacturing,National Careers Service,2026-08-15
84,Wood machinist,D14,Supply Chain & Manufacturing,National Careers Service,2026-08-15
